{
"f12":[
  [0.0, 0, 6.25],
  [27.77777777777778, 0, 6.25],
  [27.77777777777778, 6.25, 6.25],
  [11.11111111111111, 6.25, 6.25],
  [27.77777777777778, 15.972222222222229, 6.25],
  [27.77777777777778, 22.22222222222223, 6.25],
  [0.0, 22.22222222222223, 6.25],
  [0.0, 15.972222222222229, 6.25],
  [16.666666666666668, 15.972222222222229, 6.25],
  [0.0, 6.25, 6.25]
],
"f2":[
  [0.0, 0, 0],
  [27.77777777777778, 0, 0],
  [27.77777777777778, 0, 6.25],
  [0.0, 0, 6.25]
],
"f3":[
  [27.77777777777778, 6.25, 0],
  [27.77777777777778, 6.25, 6.25],
  [27.77777777777778, 0, 6.25],
  [27.77777777777778, 0, 0]
],
"f4":[
  [27.77777777777778, 6.25, 0],
  [27.77777777777778, 6.25, 6.25],
  [11.11111111111111, 6.25, 6.25],
  [11.11111111111111, 6.25, 0]
],
"f5": [
  [11.11111111111111, 6.25, 0],
  [11.11111111111111, 6.25, 6.25],
  [27.77777777777778, 15.972222222222229, 6.25],
  [27.77777777777778, 15.972222222222229, 0]
],
"f6":[
  [27.77777777777778, 22.22222222222223, 0],
  [27.77777777777778, 22.22222222222223, 6.25],
  [27.77777777777778, 15.972222222222229, 6.25],
  [27.77777777777778, 15.972222222222229, 0]
],
"f3a":[
  [27.77777777777778, 0, 0],
  [27.77777777777778, 0, 6.25],
  [27.77777777777778, 6.25, 6.25],
  [11.11111111111111, 6.25, 6.25],
  [27.77777777777778, 15.972222222222229, 6.25],
  [27.77777777777778, 22.22222222222223, 6.25],
  [27.77777777777778, 22.22222222222223, 0],
  [27.77777777777778, 15.972222222222229, 0],
  [11.11111111111111, 6.25, 0],
  [27.77777777777778, 6.25, 0]
],
"f7": [
  [27.77777777777778, 22.22222222222223, 0],
  [27.77777777777778, 22.22222222222223, 6.25],
  [0.0, 22.22222222222223, 6.25],
  [0.0, 22.22222222222223, 0]
],
"f8":[
  [0, 15.972222222222229, 6.25],
  [0, 15.972222222222229, 0],
  [0, 22.22222222222223, 0],
  [0, 22.22222222222223, 6.25]
],
"f9":[
  [16.666666666666668, 15.972222222222229, 0],
  [16.666666666666668, 15.972222222222229, 6.25],
  [0, 15.972222222222229, 6.25],
  [0, 15.972222222222229, 0]
],
"f10":[
  [16.666666666666668, 15.972222222222229, 0],
  [16.666666666666668, 15.972222222222229, 6.25],
  [0.0, 6.25, 6.25],
  [0.0, 6.25, 0]
],
"f11":[
  [0, 0, 6.25],
  [0, 0, 0],
  [0, 6.25, 0],
  [0, 6.25, 6.25]
],
"f5a": [
  [0.0, 22.22222222222223, 0],
  [0.0, 22.22222222222223, 6.25],
  [0.0, 15.972222222222229, 6.25],
  [16.666666666666668, 15.972222222222229, 6.25],
  [0.0, 6.25, 6.25],
  [0.0, 0, 6.25],
  [0.0, 0, 0],
  [0.0, 6.25, 0],
  [16.666666666666668, 15.972222222222229, 0],
  [0.0, 15.972222222222229, 0]
],
"f12t":[
  [0.0, 0, 6.25],
  [27.77777777777778, 0, 6.25],
  [27.77777777777778, 6.25, 6.25],
  [11.11111111111111, 6.25, 6.25],
  [27.77777777777778, 15.972222222222229, 6.25],
  [27.77777777777778, 22.22222222222223, 6.25],
  [0.0, 22.22222222222223, 6.25],
  [0.0, 15.972222222222229, 6.25],
  [16.666666666666668, 15.972222222222229, 6.25],
  [0.0, 6.25, 6.25]
],
"f1":[
  [0.0, 0, 0],
  [0.0, 6.25, 0],
  [16.666666666666668, 15.972222222222229, 0],
  [0.0, 15.972222222222229, 0],
  [0.0, 22.22222222222223, 0],
  [27.77777777777778, 22.22222222222223, 0],
  [27.77777777777778, 15.972222222222229, 0],
  [11.11111111111111, 6.25, 0],
  [27.77777777777778, 6.25, 0],
  [27.77777777777778, 0, 0]
],
"ft": [
  [190, 190, 0],
  [200, 190, 0],
  [200, 200, 0],
  [190, 200]
],
"t1":[
[0.99862953475, -0.05233595624],
[0.05233595624, 0.99862953475]
]
}
