{
"fa":[
  [0, 0],
  [0, 200],
  [45, 200],
  [45, 80],
  [115, 200],
  [160, 200],
  [160, 0],
  [115, 0],
  [115, 120],
  [45, 0]
],
"fb":[
[200, 0],
[0, 0],
[0, 45],
[120, 45],
[0, 115],
[0, 160],
[200, 160],
[200, 115],
[80, 115],
[200, 45]
],
"f1":[
  [27.77777777777778, 22.22222222222223],
  [0.0, 22.22222222222223],
  [0.0, 15.972222222222229],
  [16.666666666666668, 15.972222222222229],
  [0.0, 6.25],
  [0.0, 0],
  [27.77777777777778, 0],
  [27.77777777777778, 6.25],
  [11.11111111111111, 6.25],
  [27.77777777777778, 15.972222222222229]
],
"t1":[
[0.99862953475, -0.05233595624],
[0.05233595624, 0.99862953475]
]
}
